business_id,service_id,source_id,raw_row_ref,observed_wording
1,1,SRC02,OBS:OBS002,Oil Changes
1,2,SRC02,OBS:OBS003,Tires and Alignments
1,3,SRC02,OBS:OBS003,Tires and Alignments
1,5,SRC02,OBS:OBS004,engine diagnostics
2,5,SRC17,OBS:OBS076,advanced diagnostic technology specifically designed for European engineering
3,1,SRC03,OBS:OBS006,Fast Oil Change
3,2,SRC03,OBS:OBS007,Tires for Sale
3,3,SRC03,OBS:OBS008,Wheel Alignments
3,4,SRC03,OBS:OBS009,Brake Services
3,5,SRC03,OBS:OBS010,Check Engine Lights
3,6,SRC03,OBS:OBS011,Transmission Services
3,7,SRC03,OBS:OBS012,Car Air Conditioner Repair
4,1,SRC04,OBS:OBS014,Oil Changes
4,2,SRC04,OBS:OBS015,Tire Services
4,4,SRC04,OBS:OBS016,Brakes
4,5,SRC04,OBS:OBS017,Diagnostics
5,4,SRC06,OBS:OBS027,Brake Service and Repairs
5,5,SRC06,OBS:OBS028,Diagnostic Resting
5,6,SRC06,OBS:OBS029,Transmissions services and repairs
6,1,SRC05,OBS:OBS020,Oil Changes
6,3,SRC05,OBS:OBS021,Alignment
6,4,SRC05,OBS:OBS022,Brakes
6,5,SRC05,OBS:OBS023,Diagnostics
6,6,SRC05,OBS:OBS024,Transmission Services
6,7,SRC05,OBS:OBS025,A/C Service
7,1,SRC07,OBS:OBS031,Oil Changes & Fluid Replacement
7,2,SRC07,OBS:OBS032,"Tire Mounting, Balancing and Flat Repair"
7,3,SRC07,OBS:OBS033,"Steering, Suspension & Alignment Repair"
7,4,SRC07,OBS:OBS034,Brake Inspections & Repair
7,5,SRC07,OBS:OBS035,"Computer, Electrical, & Electronic Systems Diagnosis"
7,6,SRC07,OBS:OBS036,Transmissions Service & Repair
7,7,SRC07,OBS:OBS037,Air Conditioning Service & Repair
8,4,SRC08,OBS:OBS039,Brake
8,5,SRC08,OBS:OBS040,Computer Diagnostic
8,6,SRC08,OBS:OBS041,Clutch & Transmission
8,7,SRC08,OBS:OBS042,Heating & AC
9,1,SRC09,OBS:OBS044,Oil change and inspection
9,2,SRC09,OBS:OBS045,Tire Rotation
9,4,SRC09,OBS:OBS046,Brake Pad & Rotor Replacement
9,5,SRC09,OBS:OBS047,Diagnostic Services
10,2,SRC10,OBS:OBS049,Tire installation
11,1,SRC11,OBS:OBS051,Oil Change
11,2,SRC11,OBS:OBS052,Tire Services
11,4,SRC11,OBS:OBS053,Brake Repair
11,5,SRC11,OBS:OBS054,Engine Diagnostics
12,5,SRC12,OBS:OBS056,engine diagnostics
13,2,SRC13,OBS:OBS058,Tires
13,4,SRC13,OBS:OBS059,Brakes
13,5,SRC13,OBS:OBS060,Check Engine Light
14,2,SRC14,OBS:OBS062,Tires
14,4,SRC14,OBS:OBS063,Brake Services
14,7,SRC14,OBS:OBS064,A/C & Heating
15,5,SRC15,OBS:OBS066,Computer Diagnostics
15,6,SRC15,OBS:OBS067,Transmissions
15,7,SRC15,OBS:OBS068,Heating and A/C
16,1,SRC16,OBS:OBS070,Oil Change
16,3,SRC16,OBS:OBS071,Wheel Alignment
16,4,SRC16,OBS:OBS072,Brake Service
16,5,SRC16,OBS:OBS073,Vehicle Diagnostics
16,7,SRC16,OBS:OBS074,A/C Service and Repair
