"id","license_id","legal_name","doing_business_as_name","address","city","state","zip_code","community_area_name","license_description","business_activity","license_number","license_start_date","expiration_date"
"2214724-20260616","3079754","CISSILY, INC.","ASHLAND ADDISON SHELL","3600 N ASHLAND AVE","CHICAGO","IL","60613","LAKE VIEW","Motor Vehicle Services License","Motor Vehicle Repair -  Engine and Transmission Work","2214724","2026-06-16T00:00:00.000","2028-06-15T00:00:00.000"
"2215290-20250416","3013189","KENNETH PAPAS LLC","ASHLAND TIRE & AUTO CLINIC","3731-3739 N ASHLAND AVE 1ST","CHICAGO","IL","60613","LAKE VIEW","Motor Vehicle Services License","Motor Vehicle Repair -  Engine and Transmission Work | Sale and Storage of Tires (1,001 - 5,000)","2215290","2025-04-16T00:00:00.000","2027-04-15T00:00:00.000"
"2214939-20250216","3003917","EUROPEAN AMERICAN MOTORS, LTD.","EUROPEAN AMERICAN MOTORS, LTD.","3541 N LINCOLN AVE 1","CHICAGO","IL","60657","LAKE VIEW","Motor Vehicle Services License","Motor Vehicle Repair -  Engine and Transmission Work","2214939","2025-02-16T00:00:00.000","2027-02-15T00:00:00.000"
"2652867-20250416","3014112","FJG ENTERPRISES, LLC","FRED'S WRIGLEYVILLE GARAGE","3848 N CLARK ST 1ST","CHICAGO","IL","60613","LAKE VIEW","Motor Vehicle Services License","Motor Vehicle Repair -  Engine and Transmission Work","2652867","2025-04-16T00:00:00.000","2027-04-15T00:00:00.000"
"2214038-20250216","3003178","THE GERBER GROUP, INC.","Gerber Collision & Glass","3425 N HALSTED ST  1","CHICAGO","IL","60657","LAKE VIEW","Motor Vehicle Services License","Motor Vehicle Repair - Engine and Body Work | Storage or Use of Hazardous Materials On Site (MVR)","2214038","2025-02-16T00:00:00.000","2027-02-15T00:00:00.000"
"2214071-20250216","3003195","I-C SPRING INC.","I-C SPRING","3454 N SHEFFIELD AVE","CHICAGO","IL","60657","LAKE VIEW","Motor Vehicle Services License","Motor Vehicle Repair -  Engine and Transmission Work","2214071","2025-02-16T00:00:00.000","2027-02-15T00:00:00.000"
"2213706-20250216","3003015","RELIABLE AUTO REPAIR CENTER, INC.","RELIABLE AUTO REPAIR CENTR INC","3401 N ASHLAND AVE","CHICAGO","IL","60657","LAKE VIEW","Motor Vehicle Services License","Motor Vehicle Repair -  Engine and Transmission Work | Sale and Storage of Tires (100 - 1000)","2213706","2025-02-16T00:00:00.000","2027-02-15T00:00:00.000"
"3051603-20251024","3051603","TIRE ZONE III INC.","TIRE ZONE","939 W IRVING PARK RD","CHICAGO","IL","60613","LAKE VIEW","Motor Vehicle Services License","Sale and Storage of Tires (100 - 1000)","3051603","2025-10-24T00:00:00.000","2027-11-15T00:00:00.000"
"2512022-20250316","3009450","GREENCO AUTOLP, LLC","TUFFY TIRE & AUTO SERVICE DIVERSEY","1400-1406 W DIVERSEY PKWY 1ST","CHICAGO","IL","60614","LAKE VIEW","Motor Vehicle Services License","Motor Vehicle Repair - No Engine Work/No Body Work | Retail Sales of General Merchandise","2512022","2025-03-16T00:00:00.000","2027-03-15T00:00:00.000"
"2214574-20260916","3092155","WM. J. CASSIDY TIRE & AUTO SUPPLY, LLC","WM J CASSIDY TIRE & AUTO","824 W DIVERSEY PKWY","CHICAGO","IL","60614","LAKE VIEW","Motor Vehicle Services License","Motor Vehicle Repair -  Engine and Transmission Work | Sale and Storage of Tires (100 - 1000)","2214574","2026-09-16T00:00:00.000","2028-12-15T00:00:00.000"
"2213698-20261116","3100879","BEST BUY STORES, L.P.","BEST BUY","1000 W NORTH AVE  E","CHICAGO","IL","60622","LINCOLN PARK","Motor Vehicle Services License","Motor Vehicle Repair - No Engine Work/No Body Work","2213698","2026-11-16T00:00:00.000","2028-11-15T00:00:00.000"
"2213698-20241116","2989264","BEST BUY STORES, L.P.","BEST BUY","1000 W NORTH AVE  E","CHICAGO","IL","60622","LINCOLN PARK","Motor Vehicle Services License","Motor Vehicle Repair - No Engine Work/No Body Work","2213698","2024-11-16T00:00:00.000","2026-11-15T00:00:00.000"
"2215128-20250416","3013053","OZSU AUTOMOTIVE, INC.","BUCARO BROTHERS AUTO CARE","2707 N ASHLAND AVE 1ST","CHICAGO","IL","60614","LINCOLN PARK","Motor Vehicle Services License","Motor Vehicle Repair -  Engine and Transmission Work","2215128","2025-04-16T00:00:00.000","2027-04-15T00:00:00.000"
"2570284-20250116","3000802","MONRO, INC.","Car-X Auto Services","2509-2511 N ASHLAND AVE","CHICAGO","IL","60614","LINCOLN PARK","Motor Vehicle Services License","Motor Vehicle Repair -  Engine and Transmission Work | Motor Vehicle Repair - No Engine Work/No Body Work | Sale and Storage of Tires (1,001 - 5,000)","2570284","2025-01-16T00:00:00.000","2027-01-15T00:00:00.000"
"2214495-20250116","2999397","COSTCO WHOLESALE CORPORATION","Costco Wholesale # 380","2746 N CLYBOURN AVE","CHICAGO","IL","60614","LINCOLN PARK","Motor Vehicle Services License","Motor Vehicle Repair - No Engine Work/No Body Work | Sale and Storage of Tires (1,001 - 5,000)","2214495","2025-01-16T00:00:00.000","2027-01-15T00:00:00.000"
"2929457-20261016","3098189","CRASH CHAMPIONS, LLC","CRASH CHAMPIONS, LLC","1630 N KINGSBURY ST","CHICAGO","IL","60614","LINCOLN PARK","Motor Vehicle Services License","Engine and Body Work w/ Spray Booth","2929457","2026-10-16T00:00:00.000","2028-10-15T00:00:00.000"
"2929457-20241016","2986040","CRASH CHAMPIONS, LLC","CRASH CHAMPIONS, LLC","1630 N KINGSBURY ST","CHICAGO","IL","60614","LINCOLN PARK","Motor Vehicle Services License","Engine and Body Work w/ Spray Booth","2929457","2024-10-16T00:00:00.000","2026-10-15T00:00:00.000"
"2245742-20250716","3028535","EURO COLLISION OF LINCOLN PARK INC.","EURO COLLISION","1630 N KINGSBURY ST 1ST","CHICAGO","IL","60614","LINCOLN PARK","Motor Vehicle Services License","Motor Vehicle Repair - Engine and Body Work | Storage or Use of Hazardous Materials On Site (MVR)","2245742","2025-07-16T00:00:00.000","2027-07-15T00:00:00.000"
"2214029-20250416","3011932","EUROPEAN AUTO LIMITED","EUROPEAN AUTO  LTD","2547 N LINCOLN AVE 1ST","CHICAGO","IL","60614","LINCOLN PARK","Motor Vehicle Services License","Motor Vehicle Repair - Engine and Body Work | Storage or Use of Hazardous Materials On Site (MVR)","2214029","2025-04-16T00:00:00.000","2027-04-15T00:00:00.000"
"2928851-20250916","3040342","PREMIUM VELOCITY AUTO LLC","JIFFY LUBE #592","2366 N CLYBOURN AVE","CHICAGO","IL","60614","LINCOLN PARK","Motor Vehicle Services License","Retail Sales of General Merchandise and Non-Perishable Food | Provide Oil Change Services | Install/Replace Car Batteries","2928851","2025-09-16T00:00:00.000","2027-09-15T00:00:00.000"
"2807704-20250916","3040033","LINCOLN PARK AUTO REPAIR SERVICE, INC.","Lincoln Park Auto Repair Service Inc.","946 W WRIGHTWOOD AVE","CHICAGO","IL","60614","LINCOLN PARK","Motor Vehicle Services License","Motor Vehicle Repair -  Engine and Transmission Work | Provide Oil Change Services | Install/Replace Car Batteries","2807704","2025-09-16T00:00:00.000","2027-09-15T00:00:00.000"
"2215275-20250216","3004226","LINCOLN PARK IMPORTS SERVICE, LLC","LINCOLN PARK IMPORTS SERVICE, LLC","2220-2222 N CLYBOURN AVE 1 1","CHICAGO","IL","60614","LINCOLN PARK","Motor Vehicle Services License","Motor Vehicle Repair -  Engine and Transmission Work","2215275","2025-02-16T00:00:00.000","2027-02-15T00:00:00.000"
"2340311-20260916","3093478","LEEDS WEST ILLINOIS","MIDAS AUTO SERVICE EXPERTS","1717-1723 N CLYBOURN AVE","CHICAGO","IL","60614","LINCOLN PARK","Motor Vehicle Services License","Motor Vehicle Repair -  Engine and Transmission Work","2340311","2026-09-16T00:00:00.000","2028-09-15T00:00:00.000"
"2278252-20250816","3033917","MIDTOWN AUTO REPAIR INC.","MIDTOWN AUTO REPAIR","1403 W SHAKESPEARE AVE","CHICAGO","IL","60614","LINCOLN PARK","Motor Vehicle Services License","Motor Vehicle Repair - No Engine Work/No Body Work","2278252","2025-08-16T00:00:00.000","2027-08-15T00:00:00.000"
"2215041-20250416","3012967","LINCOLN PARK AUTO, INC.","MILITO'S MOBIL","1106 W FULLERTON AVE 1ST","CHICAGO","IL","60614","LINCOLN PARK","Motor Vehicle Services License","Motor Vehicle Repair -  Engine and Transmission Work | Sale and Storage of Tires (1,001 - 5,000) | Storage or Use of Hazardous Materials On Site (MVR)","2215041","2025-04-16T00:00:00.000","2027-04-15T00:00:00.000"
"2215084-20250416","3012989","M&R CAR IMPORT SERVICES II, INC.","M&R IMPORT SERVICES II, INC.","1951 N SHEFFIELD AVE 1ST","CHICAGO","IL","60614","LINCOLN PARK","Motor Vehicle Services License","Motor Vehicle Repair -  Engine and Transmission Work","2215084","2025-04-16T00:00:00.000","2027-04-15T00:00:00.000"
"3052272-20251112","3052272","RAMIRO AUTO REPAIR LLC","RAMIRO AUTO REPAIR","2439 N ASHLAND AVE 1ST","CHICAGO","IL","60614","LINCOLN PARK","Motor Vehicle Services License","Motor Vehicle Repair -  Engine and Transmission Work","3052272","2025-11-12T00:00:00.000","2027-11-15T00:00:00.000"
"2214799-20250416","3012657","SIMON'S SHINE SHOP, INC","SIMON'S SHINE SHOP INC","1439 W SHAKESPEARE AVE","CHICAGO","IL","60614","LINCOLN PARK","Motor Vehicle Services License","Motor Vehicle Repair - No Engine Work/No Body Work","2214799","2025-04-16T00:00:00.000","2027-04-15T00:00:00.000"
"2214532-20250916","3037602","AUTO SOUND BARRIER INC.","AUTO SOUND BARRIER INC","5157 N WESTERN AVE","CHICAGO","IL","60625","LINCOLN SQUARE","Motor Vehicle Services License","Motor Vehicle Repair - No Engine Work/No Body Work","2214532","2025-09-16T00:00:00.000","2027-09-15T00:00:00.000"
"3020141-20250321","3020141","BUDDY'S AUTO BODY & SALES CORP.","BUDDY'S AUTO BODY AND SALES","5534-5536 N WESTERN AVE","CHICAGO","IL","60625","LINCOLN SQUARE","Motor Vehicle Services License","Engine and Body Work w/ Spray Booth | Installation/Repair/Changing of Tires | Sale of Automobiles (Indoor within an Enclosed Structure)","3020141","2025-03-21T00:00:00.000","2027-04-15T00:00:00.000"
"2570283-20250116","3000801","MONRO, INC.","Car-X Auto Services","5150 N WESTERN AVE","CHICAGO","IL","60625","LINCOLN SQUARE","Motor Vehicle Services License","Motor Vehicle Repair -  Engine and Transmission Work | Motor Vehicle Repair - No Engine Work/No Body Work | Sale and Storage of Tires (1,001 - 5,000)","2570283","2025-01-16T00:00:00.000","2027-01-15T00:00:00.000"
"2868600-20241216","2996517","CHAVA'S TIRE SHOP INC.","CHAVA'S TIRE SHOP INC.","5514-5518 N WESTERN AVE","CHICAGO","IL","60625","LINCOLN SQUARE","Motor Vehicle Services License","Motor Vehicle Repair -  Engine and Transmission Work | Sale and Storage of Tires (1,001 - 5,000)","2868600","2024-12-16T00:00:00.000","2026-12-15T00:00:00.000"
"2214990-20250916","3038351","MATI BADEL","CITY TIRE & SERVICES","5112 N LINCOLN AVE 1ST 1","CHICAGO","IL","60625","LINCOLN SQUARE","Motor Vehicle Services License","Motor Vehicle Repair - No Engine Work/No Body Work | Sale and Storage of Tires (100 - 1000)","2214990","2025-09-16T00:00:00.000","2027-09-15T00:00:00.000"
"3016022-20250514","3016022","CORDOVA AUTO SERVICE MUFFLER'S INC.,","CORDOVA AUTO SERVICE MUFFLER'S","2735 W LAWRENCE AVE","CHICAGO","IL","60625","LINCOLN SQUARE","Motor Vehicle Services License","Motor Vehicle Repair -  Engine and Transmission Work","3016022","2025-05-14T00:00:00.000","2027-05-15T00:00:00.000"
"2574781-20260116","3059340","HYBRID AUTO REPAIR INC.","HYBRID AUTO REPAIR INC.","5300 N WESTERN AVE","CHICAGO","IL","60625","LINCOLN SQUARE","Motor Vehicle Services License","Motor Vehicle Repair -  Engine and Transmission Work","2574781","2026-01-16T00:00:00.000","2028-01-15T00:00:00.000"
"2698455-20251116","3050140","JL 839, LLC","JIFFY LUBE","5401 N LINCOLN AVE","CHICAGO","IL","60625","LINCOLN SQUARE","Motor Vehicle Services License","Motor Vehicle Repair -  Engine and Transmission Work | Sale of Vehicle Parts and Accessories","2698455","2025-11-16T00:00:00.000","2027-11-15T00:00:00.000"
"2214777-20250916","3038040","CARMELO RIOS","LINCOLN SQUARE SERVICE","2201 W LAWRENCE AVE","CHICAGO","IL","60625","LINCOLN SQUARE","Motor Vehicle Services License","Motor Vehicle Repair -  Engine and Transmission Work","2214777","2025-09-16T00:00:00.000","2027-09-15T00:00:00.000"
"2213972-20250916","3037322","CARMEN & WESTERN, LTD.","LINCOLN WILSON SERVICE","5101 N WESTERN AVE 1ST","CHICAGO","IL","60625","LINCOLN SQUARE","Motor Vehicle Services License","Motor Vehicle Repair -  Engine and Transmission Work","2213972","2025-09-16T00:00:00.000","2027-09-15T00:00:00.000"
"3030774-20250916","3038482","BLUE SKY INN NFP","MECHANISTA","4526 N RAVENSWOOD AVE","CHICAGO","IL","60640","LINCOLN SQUARE","Motor Vehicle Services License","Motor Vehicle Repair -  Engine and Transmission Work | Provide Oil Change Services","3030774","2025-09-16T00:00:00.000","2027-09-15T00:00:00.000"
"2215339-20250816","3033659","NACHO'S AUTO REPAIR INC.","NACHO'S AUTO REPAIR","5530 N WESTERN AVE 1 1","CHICAGO","IL","60625","LINCOLN SQUARE","Motor Vehicle Services License","Motor Vehicle Repair -  Engine and Transmission Work","2215339","2025-08-16T00:00:00.000","2027-08-15T00:00:00.000"
"2962087-20260816","3089762","NOBLE MALALA INC.","NOBLE MALALA INC.","5300 N WESTERN AVE","CHICAGO","IL","60625","LINCOLN SQUARE","Motor Vehicle Services License","Motor Vehicle Repair - No Engine Work/No Body Work","2962087","2026-08-16T00:00:00.000","2028-08-15T00:00:00.000"
"2214891-20250916","3038193","PRINCE AUTO REPAIR, INC.","PRINCE AUTO REPAIR, INC.","5510 N WESTERN AVE","CHICAGO","IL","60625","LINCOLN SQUARE","Motor Vehicle Services License","Motor Vehicle Repair - Engine and Body Work","2214891","2025-09-16T00:00:00.000","2027-09-15T00:00:00.000"
"2511558-20250216","3005400","REYES' TIRE SHOP, INCORPORATED","REYES' TIRE SHOP, INCORPORATED","4835 N WESTERN AVE 1ST C","CHICAGO","IL","60625","LINCOLN SQUARE","Motor Vehicle Services License","Motor Vehicle Repair - No Engine Work/No Body Work | Sale and Storage of Tires (100 - 1000)","2511558","2025-02-16T00:00:00.000","2027-02-15T00:00:00.000"
"2642279-20260516","3076020","SCOOTERWORKS CHICAGO LLC","SCOOTERWORKS CHICAGO LLC","5410 N DAMEN AVE","CHICAGO","IL","60625","LINCOLN SQUARE","Motor Vehicle Services License","Motor Vehicle Repair -  Engine and Transmission Work | Sale of Vehicle Parts and Accessories","2642279","2026-05-16T00:00:00.000","2028-05-15T00:00:00.000"
"2279495-20250816","3033505","SPEEDLINE AUTO & TIRE SPECIALISTS, INC.","SPEEDLINE AUTO","5242-5250 N DAMEN AVE 1ST","CHICAGO","IL","60625","LINCOLN SQUARE","Motor Vehicle Services License","Motor Vehicle Repair -  Engine and Transmission Work","2279495","2025-08-16T00:00:00.000","2027-08-15T00:00:00.000"
"3090407-20260622","3090407","Asfa Group LTD.","Starboyz Auto","2351 W WINNEMAC AVE","CHICAGO","IL","60625","LINCOLN SQUARE","Motor Vehicle Services License","Motor Vehicle Repair -  Engine and Transmission Work | Motor Vehicle Repair - No Engine Work/No Body Work","3090407","2026-06-22T00:00:00.000","2028-07-15T00:00:00.000"
"2895995-20250416","3014897","TURBO AUTO 2 INC.","TURBO AUTO 2 INC.","5455 N LINCOLN AVE 1ST","CHICAGO","IL","60625","LINCOLN SQUARE","Motor Vehicle Services License","Motor Vehicle Repair -  Engine and Transmission Work | Installation/Repair/Changing of Tires","2895995","2025-04-16T00:00:00.000","2027-04-15T00:00:00.000"
"2213696-20241216","2994110","A-CARR AUTO REPAIR, INC.","A-CARR AUTO REPAIR, INC.","4246 N WESTERN AVE","CHICAGO","IL","60618","NORTH CENTER","Motor Vehicle Services License","Motor Vehicle Repair - Engine and Body Work | Storage or Use of Hazardous Materials On Site (MVR)","2213696","2024-12-16T00:00:00.000","2026-12-15T00:00:00.000"
"2213925-20250416","3011901","ALBANY AUTO INC","ALBANY AUTO SALES","4030 N ROCKWELL ST","CHICAGO","IL","60618","NORTH CENTER","Motor Vehicle Services License","Motor Vehicle Repair - Engine and Body Work | Motor Vehicle Repair -  Engine and Transmission Work | Sale and Storage of Tires (100 - 1000) | Storage or Use of Hazardous Materials On Site (MVR)","2213925","2025-04-16T00:00:00.000","2027-04-15T00:00:00.000"
"2621313-20261016","3098510","BELMONT AUTO CLINIC, INC.","BELMONT AUTO CLINIC, INC.","1828-1830 W BELMONT AVE 1","CHICAGO","IL","60657","NORTH CENTER","Motor Vehicle Services License","Motor Vehicle Repair -  Engine and Transmission Work","2621313","2026-10-16T00:00:00.000","2028-10-15T00:00:00.000"
"2621313-20241016","2986663","BELMONT AUTO CLINIC, INC.","BELMONT AUTO CLINIC, INC.","1828-1830 W BELMONT AVE 1","CHICAGO","IL","60657","NORTH CENTER","Motor Vehicle Services License","Motor Vehicle Repair -  Engine and Transmission Work","2621313","2024-10-16T00:00:00.000","2026-10-15T00:00:00.000"
"2988641-20240925","2988641","LAKEVIEW COLLISION CENTER, INC.","CARSTAR LAKEVIEW COLLISION CENTER","2414-2418 W IRVING PARK RD 1","CHICAGO","IL","60618","NORTH CENTER","Motor Vehicle Services License","Engine and Body Work w/ Spray Booth","2988641","2024-09-25T00:00:00.000","2026-10-15T00:00:00.000"
"2762425-20261016","3098185","CRASH CHAMPIONS, LLC","CRASH CHAMPIONS, LLC","4030 N ROCKWELL ST","CHICAGO","IL","60618","NORTH CENTER","Motor Vehicle Services License","Motor Vehicle Repair - Engine and Body Work | Engine and Body Work w/ Spray Booth","2762425","2026-10-16T00:00:00.000","2028-10-15T00:00:00.000"
"2762425-20241016","2986036","CRASH CHAMPIONS, LLC","CRASH CHAMPIONS, LLC","4030 N ROCKWELL ST","CHICAGO","IL","60618","NORTH CENTER","Motor Vehicle Services License","Motor Vehicle Repair - Engine and Body Work | Engine and Body Work w/ Spray Booth","2762425","2024-10-16T00:00:00.000","2026-10-15T00:00:00.000"
"2214364-20250316","3007682","E & J FOREIGN CARS, LTD.","E & J FOREIGN CARS LTD","4241  -04245 N WESTERN AVE  1","CHICAGO","IL","60618","NORTH CENTER","Motor Vehicle Services License","Motor Vehicle Repair -  Engine and Transmission Work","2214364","2025-03-16T00:00:00.000","2027-03-15T00:00:00.000"
"3069567-20260617","3069567","ELIOT'S COMPLETE AUTO REPAIR SHOP, INC.","ELIOT'S COMPLETE AUTO REPAIR SHOP","3658 N LINCOLN AVE 1","CHICAGO","IL","60613","NORTH CENTER","Motor Vehicle Services License","Motor Vehicle Repair -  Engine and Transmission Work | Retail Sales of General Merchandise and Non-Perishable Food","3069567","2026-06-17T00:00:00.000","2028-07-15T00:00:00.000"
"2214913-20241216","2994746","J & SALOMON AUTO SERVICE INC.","J & SALOMON AUTO SERVICE INC.","4317 N WESTERN AVE","CHICAGO","IL","60618","NORTH CENTER","Motor Vehicle Services License","Motor Vehicle Repair -  Engine and Transmission Work | Sale and Storage of Tires (100 - 1000)","2214913","2024-12-16T00:00:00.000","2026-12-15T00:00:00.000"
"2213827-20241216","2994290","KRAFTSMEN KARVAN CORPORATION","KRAFTSMEN AUTO","3149 N CLYBOURN AVE 1ST","CHICAGO","IL","60618","NORTH CENTER","Motor Vehicle Services License","Motor Vehicle Repair - Engine and Body Work","2213827","2024-12-16T00:00:00.000","2026-12-15T00:00:00.000"
"2214425-20260316","3065880","L & L AUTO SERVICE INC","L & L AUTO SERVICE INC","4142 N WESTERN AVE # 1","CHICAGO","IL","60618","NORTH CENTER","Motor Vehicle Services License","Motor Vehicle Repair -  Engine and Transmission Work","2214425","2026-03-16T00:00:00.000","2028-03-15T00:00:00.000"
"2214742-20241216","2994583","VEHICLE ALIGN & BRAKE","LUCAS TIRES","3501 N WESTERN AVE","CHICAGO","IL","60618","NORTH CENTER","Motor Vehicle Services License","Motor Vehicle Repair -  Engine and Transmission Work | Sale and Storage of Tires (1,001 - 5,000)","2214742","2024-12-16T00:00:00.000","2026-12-15T00:00:00.000"
"3057066-20251107","3057066","LAB 3445 LLC","Luis Auto Body","3445 N WESTERN AVE","CHICAGO","IL","60618","NORTH CENTER","Motor Vehicle Services License","Engine and Body Work w/ Spray Booth","3057066","2025-11-07T00:00:00.000","2027-11-15T00:00:00.000"
"2213902-20260616","3079285","T MILLER & R REISTER","MILLER ENTERPRIZES","1815 W IRVING PARK RD  REAR","CHICAGO","IL","60613","NORTH CENTER","Motor Vehicle Services License","Motor Vehicle Repair -  Engine and Transmission Work","2213902","2026-06-16T00:00:00.000","2028-06-15T00:00:00.000"
"2418458-20250816","3034094","AGUASCALIENTES MUFFLERS AND BRAKES INC.","MUFFLERS 4 LESS","3349 N DAMEN AVE 1","CHICAGO","IL","60618","NORTH CENTER","Motor Vehicle Services License","Motor Vehicle Repair -  Engine and Transmission Work","2418458","2025-08-16T00:00:00.000","2027-08-15T00:00:00.000"
"2213859-20260616","3079282","NAL'S AUTO REPAIR INC","NAL'S AUTO REPAIR INC","1815 W IRVING PARK RD  1","CHICAGO","IL","60613","NORTH CENTER","Motor Vehicle Services License","Motor Vehicle Repair -  Engine and Transmission Work","2213859","2026-06-16T00:00:00.000","2028-06-15T00:00:00.000"
"2522221-20250516","3018674","NEW AUTOHAUS INC.","NEW AUTOHAUS INC.","4157 N LINCOLN AVE 1ST","CHICAGO","IL","60618","NORTH CENTER","Motor Vehicle Services License","Motor Vehicle Repair -  Engine and Transmission Work | Motor Vehicle Repair - No Engine Work/No Body Work | Retail Sales of General Merchandise","2522221","2025-05-16T00:00:00.000","2027-05-15T00:00:00.000"
"2541914-20250716","3029502","EL-KAN LTD.","NORTH CENTER AUTO SERVICE","3455 N WESTERN AVE","CHICAGO","IL","60618","NORTH CENTER","Motor Vehicle Services License","Motor Vehicle Repair -  Engine and Transmission Work","2541914","2025-07-16T00:00:00.000","2027-07-15T00:00:00.000"
"2215242-20260916","3093204","M & A AUTO SPA INC.","RIVERVIEW HAND CARWASH & DETAIL","3126 N CLYBOURN AVE 1","CHICAGO","IL","60618","NORTH CENTER","Motor Vehicle Services License","Motor Vehicle Repair - No Engine Work/No Body Work","2215242","2026-09-16T00:00:00.000","2028-09-15T00:00:00.000"
"2912380-20250716","3030368","ROCKWELL AUTO CLINIC LLC","ROCKWELL AUTO CLINIC","4050 N ROCKWELL ST 1 UNIT C","CHICAGO","IL","60618","NORTH CENTER","Motor Vehicle Services License","Motor Vehicle Repair -  Engine and Transmission Work | Sale and Storage of Tires (100 - 1000)","2912380","2025-07-16T00:00:00.000","2027-07-15T00:00:00.000"
"2213663-20241216","2993843","DIVISION & WESTERN GARAGE, INC.","ROSCOE WESTERN","3355 N WESTERN AVE","CHICAGO","IL","60618","NORTH CENTER","Motor Vehicle Services License","Motor Vehicle Repair -  Engine and Transmission Work | Storage or Use of Hazardous Materials On Site (MVR)","2213663","2024-12-16T00:00:00.000","2026-12-15T00:00:00.000"
"2213900-20241216","2994301","SUN AUTO SERVICE INC","SUN AUTO SERVICE INC","3201 N DAMEN AVE 1ST","CHICAGO","IL","60618","NORTH CENTER","Motor Vehicle Services License","Motor Vehicle Repair -  Engine and Transmission Work","2213900","2024-12-16T00:00:00.000","2026-12-15T00:00:00.000"
"2636643-20250216","3005516","TELLO AUTO REPAIR CORP.","TELLO AUTO REPAIR","4129 N WESTERN AVE 1ST","CHICAGO","IL","60618","NORTH CENTER","Motor Vehicle Services License","Motor Vehicle Repair -  Engine and Transmission Work","2636643","2025-02-16T00:00:00.000","2027-02-15T00:00:00.000"
"3095594-20260806","3095594","ARCHER ONE AUTO REPAIR INC.","TIRES FOR LESS AUTO REPAIR","4251 N WESTERN AVE 1","CHICAGO","IL","60618","NORTH CENTER","Motor Vehicle Services License","Motor Vehicle Repair -  Engine and Transmission Work | Installation/Repair/Changing of Tires","3095594","2026-08-06T00:00:00.000","2027-12-15T00:00:00.000"
"2214257-20241216","2994414","VALUE PLUS MUFFLER, INC","VALUE PLUS MUFFLER, INC","4321 N WESTERN AVE # 1ST","CHICAGO","IL","60618","NORTH CENTER","Motor Vehicle Services License","Motor Vehicle Repair -  Engine and Transmission Work","2214257","2024-12-16T00:00:00.000","2026-12-15T00:00:00.000"
"2217572-20241216","2994496","WM. J. CASSIDY TIRE & AUTO SUPPLY, LLC","WM J CASSIDY TIRE & AUTO","3235 N WESTERN AVE 1ST","CHICAGO","IL","60618","NORTH CENTER","Motor Vehicle Services License","Motor Vehicle Repair - No Engine Work/No Body Work","2217572","2024-12-16T00:00:00.000","2026-12-15T00:00:00.000"
